timestamp,turn,decision,move,gold,life,number_of_mines
2025-12-12T12:03:36.110106,0,TAKE_NEAREST_MINE,North,0,100,0
2025-12-12T12:03:36.761864,4,TAKE_NEAREST_MINE,East,1,79,1
2025-12-12T12:03:37.419165,8,TAKE_NEAREST_MINE,East,2,78,1
2025-12-12T12:03:38.046025,12,TAKE_NEAREST_MINE,North,3,77,1
2025-12-12T12:03:38.677380,16,TAKE_NEAREST_MINE,North,4,76,1
2025-12-12T12:03:39.305586,20,TAKE_NEAREST_MINE,East,5,75,1
2025-12-12T12:03:39.955488,24,TAKE_NEAREST_MINE,East,6,74,1
2025-12-12T12:03:40.605519,28,TAKE_NEAREST_MINE,East,7,73,1
2025-12-12T12:03:41.236473,32,TAKE_NEAREST_MINE,South,8,72,1
2025-12-12T12:03:41.887864,36,TAKE_NEAREST_MINE,West,10,51,2
2025-12-12T12:03:42.514825,40,TAKE_NEAREST_MINE,West,12,50,2
2025-12-12T12:03:43.166678,44,TAKE_NEAREST_MINE,South,14,49,2
2025-12-12T12:03:43.797772,48,TAKE_NEAREST_MINE,South,16,48,2
2025-12-12T12:03:44.426892,52,NEAREST_TAVERN,North,18,27,2
2025-12-12T12:03:45.058802,56,NEAREST_TAVERN,North,20,6,2
2025-12-12T12:03:45.691498,60,NEAREST_TAVERN,East,22,5,2
2025-12-12T12:03:46.317544,64,NEAREST_TAVERN,East,24,4,2
2025-12-12T12:03:46.949565,68,NEAREST_TAVERN,East,26,3,2
2025-12-12T12:03:47.578759,72,NEAREST_TAVERN,East,28,2,2
2025-12-12T12:03:48.207865,76,NEAREST_TAVERN,South,30,1,2
2025-12-12T12:03:48.836982,80,NEAREST_TAVERN,South,32,1,2
2025-12-12T12:03:49.466633,84,NEAREST_TAVERN,East,34,1,2
2025-12-12T12:03:50.093637,88,NEAREST_TAVERN,East,36,1,2
2025-12-12T12:03:50.743905,92,NEAREST_TAVERN,East,36,50,2
2025-12-12T12:03:51.395106,96,TAKE_NEAREST_MINE,South,36,99,2
2025-12-12T12:03:52.045839,100,TAKE_NEAREST_MINE,East,38,98,2
2025-12-12T12:03:52.677974,104,TAKE_NEAREST_MINE,East,40,97,2
2025-12-12T12:03:53.309096,108,TAKE_NEAREST_MINE,South,42,96,2
2025-12-12T12:03:53.937034,112,TAKE_NEAREST_MINE,South,44,95,2
2025-12-12T12:03:54.566833,116,TAKE_NEAREST_MINE,South,46,94,2
2025-12-12T12:03:55.196358,120,TAKE_NEAREST_MINE,South,48,93,2
2025-12-12T12:03:55.826163,124,TAKE_NEAREST_MINE,South,50,92,2
2025-12-12T12:03:56.455784,128,TAKE_NEAREST_MINE,South,52,91,2
2025-12-12T12:03:57.089079,132,TAKE_NEAREST_MINE,South,54,90,2
2025-12-12T12:03:57.718854,136,TAKE_NEAREST_MINE,South,56,89,2
2025-12-12T12:03:58.348555,140,TAKE_NEAREST_MINE,West,58,88,2
2025-12-12T12:03:58.978601,144,TAKE_NEAREST_MINE,West,60,87,2
2025-12-12T12:03:59.607720,148,TAKE_NEAREST_MINE,West,62,86,2
2025-12-12T12:04:00.236529,152,TAKE_NEAREST_MINE,West,64,85,2
2025-12-12T12:04:00.867465,156,TAKE_NEAREST_MINE,West,66,84,2
2025-12-12T12:04:01.495967,160,TAKE_NEAREST_MINE,North,68,83,2
2025-12-12T12:04:02.148640,164,TAKE_NEAREST_MINE,West,71,62,3
2025-12-12T12:04:02.778487,168,TAKE_NEAREST_MINE,West,74,61,3
2025-12-12T12:04:03.409692,172,TAKE_NEAREST_MINE,West,77,60,3
2025-12-12T12:04:04.039833,176,TAKE_NEAREST_MINE,West,80,59,3
2025-12-12T12:04:04.667343,180,TAKE_NEAREST_MINE,West,83,58,3
2025-12-12T12:04:05.295640,184,TAKE_NEAREST_MINE,North,86,57,3
2025-12-12T12:04:05.957241,188,ATTACK_WEAKEST,East,90,36,4
2025-12-12T12:04:06.606205,192,ATTACK_WEAKEST,East,94,35,4
2025-12-12T12:04:07.235718,196,NEAREST_TAVERN,West,98,34,4
2025-12-12T12:04:07.868437,200,ATTACK_WEAKEST,East,102,33,4
2025-12-12T12:04:08.496723,204,DEFEND_MINE,North,106,32,4
2025-12-12T12:04:09.126975,208,ATTACK_WEAKEST,North,110,31,4
2025-12-12T12:04:09.756926,212,ATTACK_WEAKEST,North,114,30,4
2025-12-12T12:04:10.387759,216,NEAREST_TAVERN,South,118,29,4
2025-12-12T12:04:11.015298,220,DEFEND_MINE,North,122,28,4
2025-12-12T12:04:11.677053,224,NEAREST_TAVERN,South,126,27,4
2025-12-12T12:04:12.304972,228,NEAREST_TAVERN,South,130,26,4
2025-12-12T12:04:12.955834,232,NEAREST_TAVERN,South,134,25,4
2025-12-12T12:04:13.592045,236,NEAREST_TAVERN,West,138,24,4
2025-12-12T12:04:14.219274,240,NEAREST_TAVERN,West,142,23,4
2025-12-12T12:04:14.846958,244,NEAREST_TAVERN,West,146,22,4
2025-12-12T12:04:15.480170,248,NEAREST_TAVERN,West,150,21,3
2025-12-12T12:04:16.107954,252,NEAREST_TAVERN,North,153,20,3
2025-12-12T12:04:16.739252,256,NEAREST_TAVERN,North,156,19,3
2025-12-12T12:04:17.369778,260,NEAREST_TAVERN,West,159,18,3
2025-12-12T12:04:17.996469,264,NEAREST_TAVERN,West,162,17,3
2025-12-12T12:04:18.628789,268,TAKE_NEAREST_MINE,South,163,66,3
2025-12-12T12:04:19.261387,272,TAKE_NEAREST_MINE,East,166,65,3
2025-12-12T12:04:19.888320,276,DEFEND_MINE,South,169,64,3
2025-12-12T12:04:20.514635,280,DEFEND_MINE,East,172,63,3
2025-12-12T12:04:21.166946,284,TAKE_NEAREST_MINE,East,175,62,3
2025-12-12T12:04:21.794214,288,DEFEND_MINE,East,178,61,3
2025-12-12T12:04:22.445731,292,TAKE_NEAREST_MINE,East,181,60,3
2025-12-12T12:04:23.097620,296,TAKE_NEAREST_MINE,North,184,59,3
2025-12-12T12:04:23.727300,300,TAKE_NEAREST_MINE,North,187,58,3
2025-12-12T12:04:24.381471,304,TAKE_NEAREST_MINE,North,190,57,3
2025-12-12T12:04:25.009923,308,TAKE_NEAREST_MINE,North,193,56,3
2025-12-12T12:04:25.639983,312,TAKE_NEAREST_MINE,North,196,55,3
2025-12-12T12:04:26.271452,316,TAKE_NEAREST_MINE,North,199,54,3
2025-12-12T12:04:26.897426,320,DEFEND_MINE,North,202,53,3
2025-12-12T12:04:27.530843,324,ATTACK_NEAREST,North,205,52,3
2025-12-12T12:04:28.156237,328,TAKE_NEAREST_MINE,North,208,51,3
2025-12-12T12:04:28.790656,332,TAKE_NEAREST_MINE,East,211,50,3
2025-12-12T12:04:29.417254,336,TAKE_NEAREST_MINE,East,214,49,2
2025-12-12T12:04:30.047736,340,TAKE_NEAREST_MINE,East,216,48,2
2025-12-12T12:04:30.676665,344,TAKE_NEAREST_MINE,North,218,47,2
2025-12-12T12:04:31.328027,348,NEAREST_TAVERN,West,221,26,3
2025-12-12T12:04:31.954689,352,NEAREST_TAVERN,West,224,25,3
2025-12-12T12:04:32.608125,356,NEAREST_TAVERN,North,227,24,3
2025-12-12T12:04:33.238867,360,NEAREST_TAVERN,North,230,23,3
2025-12-12T12:04:33.866646,364,NEAREST_TAVERN,East,233,22,3
2025-12-12T12:04:34.515483,368,NEAREST_TAVERN,East,236,21,3
2025-12-12T12:04:35.166709,372,NEAREST_TAVERN,East,239,20,3
2025-12-12T12:04:35.827217,376,NEAREST_TAVERN,East,242,19,3
2025-12-12T12:04:36.474651,380,NEAREST_TAVERN,South,245,18,3
2025-12-12T12:04:37.125432,384,NEAREST_TAVERN,South,248,17,3
2025-12-12T12:04:37.777382,388,NEAREST_TAVERN,East,251,16,3
2025-12-12T12:04:38.404398,392,NEAREST_TAVERN,East,254,15,3
2025-12-12T12:04:39.055613,396,NEAREST_TAVERN,East,255,64,3
2025-12-12T12:04:39.685071,400,TAKE_NEAREST_MINE,North,256,99,3
2025-12-12T12:04:40.344375,404,TAKE_NEAREST_MINE,North,259,98,3
2025-12-12T12:04:40.996278,408,TAKE_NEAREST_MINE,West,262,97,3
2025-12-12T12:04:41.644403,412,TAKE_NEAREST_MINE,West,265,96,3
2025-12-12T12:04:42.296473,416,TAKE_NEAREST_MINE,West,268,95,3
2025-12-12T12:04:42.950792,420,TAKE_NEAREST_MINE,West,271,94,3
2025-12-12T12:04:43.574131,424,TAKE_NEAREST_MINE,West,274,93,3
2025-12-12T12:04:44.232328,428,TAKE_NEAREST_MINE,South,277,92,3
2025-12-12T12:04:44.858811,432,TAKE_NEAREST_MINE,South,280,91,3
2025-12-12T12:04:45.486664,436,TAKE_NEAREST_MINE,South,283,90,3
